,1_proba,prediction,customer_id
3160,0.13889959785355724,0,4531-AUZNK
1577,0.04082859590127635,0,2296-DKZFP
6823,0.47328326639615875,0,9692-TUSXH
3615,0.42508144457112546,0,5129-JLPIS
882,0.7023893031005427,1,1273-MTETI
6193,0.5630556371453797,1,8757-TFHHJ
908,0.18099894942399908,0,1322-AGOQM
510,0.1196208825859518,0,0743-HRVFF
644,0.33116020268899776,0,0943-ZQPXH
2761,0.42921596238289356,0,3932-CMDTD
4889,0.012773599449642912,0,6892-BOGQE
131,0.45866487982613896,0,0224-HJAPT
1673,0.5090881723655784,1,2439-LYPMQ
5623,0.5553621636944339,1,7924-GJZFI
559,0.34341534590758294,0,0823-HSCDJ
3401,0.30022300151926223,0,4826-TZEVA
3643,0.1457585208980214,0,5151-HQRDG
4792,0.5764514584998653,1,6734-GMPVK
2777,0.5103074667169044,1,3951-NJCVI
503,0.17027320303108318,0,0733-VUNUW
2497,0.12578911195651135,0,3571-DPYUH
6925,0.011137106416025193,0,9824-QCJPK
5595,0.003196980570308784,0,7876-DNYAP
2733,0.2523442830753721,0,3890-RTCMS
5379,0.7073124998170297,1,7594-RQHXR
2259,0.11901050400547841,0,3229-USWAR
4252,0.01654408646915618,0,5995-LFTLE
1010,0.4148763196043086,0,1456-TWCGB
1065,0.040903683257561954,0,1552-TKMXS
2292,0.6902740146324611,1,3276-HDUEG
186,0.5617678202526716,1,0302-JOIVN
1952,0.12104879366000638,0,2830-LEWOA
4005,0.2618388661755176,0,5649-TJHOV
4163,0.301146036282396,0,5886-VLQVU
962,0.03717754010773587,0,1395-WSWXR
4623,0.4234138762774923,0,6518-LGAOV
3146,0.595858596610409,1,4514-GFCFI
1118,0.4431349555058672,0,1635-FJFCC
5402,0.24894227803436483,0,7611-YKYTC
4121,0.10446732864163114,0,5829-NVSQN
264,0.003196980570308784,0,0394-YONDK
676,0.22892770847804758,0,0991-BRRFB
4237,0.010001490558017799,0,5980-BDHPY
5868,0.011676278465625746,0,8249-THVEC
3556,0.03905462856080506,0,5039-LZRQT
6440,0.23226295107498016,0,9115-YQHGA
5806,0.025043529228060465,0,8174-LNWMW
3555,0.0433157006386139,0,5038-ETMLM
4836,0.26573275696142495,0,6815-ABQFQ
5748,0.7121860875721595,1,8086-OVPWV
3878,0.016203492317287686,0,5451-MHQOF
1339,0.12223729200608922,0,1991-VOPLL
4777,0.018515351523412174,0,6725-TPKJO
6276,0.11402922869492478,0,8879-ZKJOF
2519,0.07462675348015772,0,3597-YASZG
2064,0.19442314721508427,0,2969-WGHQO
5680,0.21616025229057365,0,8006-PYCSW
2338,0.15407090758316186,0,3347-YJZZE
1150,0.1443372499273324,0,1696-MZVAU
4200,0.6158516684382207,1,5931-FLJJF
2403,0.5165041313958891,1,3440-JPSCL
5622,0.07251530815359303,0,7923-IYJWY
6155,0.3912582225436404,0,8718-PTMEZ
40,0.6588914054483278,1,0067-DKWBL
4701,0.0236325382909271,0,6625-IUTTT
6099,0.5403422903434957,1,8637-XJIVR
1721,0.002182766348343068,0,2509-TFPJU
315,0.003196980570308784,0,0464-WJTKO
5893,0.09899718361322707,0,8292-FRFZQ
4854,0.452176327251886,0,6844-DZKRF
2273,0.5807750810778637,1,3249-ZPQRG
5370,0.5008563574093171,1,7580-UGXNC
2123,0.030336844267813964,0,3050-RLLXC
393,0.6170674159913376,1,0581-BXBUB
6037,0.33171030831845205,0,8552-OBVRU
1645,0.02674253684716197,0,2388-LAESQ
3131,0.10487077938686382,0,4488-PSYCG
6638,0.5651865439036576,1,9436-ZBZCT
1402,0.6455526867828668,1,2074-GKOWZ
6865,0.32856352231460256,0,9753-OYLBX
2124,0.3624415159149561,0,3055-MJDSB
4092,0.010609961550383287,0,5781-RFZRP
6869,0.37863391440418803,0,9761-XUJWD
73,0.3493312772595694,0,0118-JPNOY
6271,0.00500396071223832,0,8874-EJNSR
1982,0.6924670468896325,1,2867-UIMSS
7032,0.00500396071223832,0,9975-GPKZU
4324,0.5416901455099666,1,6100-QQHEB
2007,0.28778522462396716,0,2896-TBNBE
5230,0.0388569036272222,0,7359-WWYJV
4715,0.5119426886225434,1,6646-JPPHA
3943,0.7898529767351918,1,5550-VFRLC
1493,0.7427754609944691,1,2202-CUYXZ
5703,0.5752134614468843,1,8035-PWSEV
2588,0.47891827072075394,0,3703-KBKZP
3974,0.5612603172777217,1,5599-HVLTW
3831,0.16006239298585115,0,5382-TEMLV
4492,0.09432018764975393,0,6339-TBELP
5123,0.37553850571164127,0,7207-RMRDB
1694,0.13144424595828083,0,2469-DTSGX
2591,0.018174930591164207,0,3704-IEAXF
4519,0.05374930215035967,0,6368-TZZDT
5069,0.24343280797865027,0,7129-AZJDE
4544,0.022969175477236127,0,6407-GSJNL
6465,0.10079505708244703,0,9150-HEPMB
1040,0.03293169274223278,0,1506-YJTYT
5076,0.07180757359866913,0,7134-HBPBS
2538,0.01654408646915618,0,3635-QQRQD
4641,0.29473011225901175,0,6549-NNDYT
6898,0.5951633385852722,1,9796-BPKIW
5735,0.3166297905522539,0,8069-YQQAJ
5865,0.6925869482456468,1,8242-SOQUO
2308,0.01561597605025887,0,3308-DGHKL
6174,0.7427754609944691,1,8740-CRYFY
5767,0.10602437797888326,0,8109-YUOHE
2795,0.32856352231460256,0,3976-NLDEZ
4431,0.021506454649841092,0,6248-BSHKG
2791,0.01654408646915618,0,3970-XGJDU
432,0.30490934623611277,0,0634-SZPQA
1772,0.023738231095283127,0,2589-AYCRP
2677,0.14498620602135098,0,3800-LYTRK
4652,0.011413120570888906,0,6563-VRERX
7005,0.1086003666676508,0,9938-ZREHM
1511,0.32856352231460256,0,2220-IAHLS
6340,0.21684018331599614,0,8979-CAMGB
169,0.01651798096783403,0,0270-THENM
6769,0.672710236800972,1,9611-CTWIH
6283,0.46875332587101165,0,8885-QSQBX
6374,0.05234710907459326,0,9030-QGZNL
1935,0.2974458325571445,0,2810-FTLEM
4504,0.7023893031005427,1,6350-XFYGW
4971,0.07269953712505708,0,6993-YGFJV
2875,0.3040134028846447,0,4097-YODCF
247,0.4125064451436183,0,0376-OIWME
3543,0.5558364579401701,1,5022-JNQEQ
3917,0.3553373774001198,0,5515-AKOAJ
4938,0.5437810249702822,1,6956-SMUCM
3598,0.4870554977724402,0,5103-MHMHY
6606,0.1985334158308932,0,9391-DXGGG
5323,0.09489845187329354,0,7519-JTWQH
4347,0.2542118262053059,0,6131-FOYAS
6818,0.666247150071394,1,9681-OXGVC
1329,0.7898529767351918,1,1977-STDKI
5191,0.32856352231460256,0,7302-ZHMHP
451,0.6140226866692522,1,0661-XEYAN
4266,0.05055891404305987,0,6007-TCTST
1142,0.02831914899983525,0,1682-VCOIO
1684,0.6300008636266867,1,2454-RPBRZ
6148,0.5872971337148379,1,8710-YGLWG
506,0.13305967523602807,0,0742-LAFQK
5026,0.003972583486364576,0,7064-JHXCE
5863,0.38892704882958945,0,8242-JSVBO
1019,0.5731016106184655,1,1471-GIQKQ
4820,0.09849580136734565,0,6778-EICRF
942,0.15003502326333215,0,1360-XFJMR
4049,0.06183793882086357,0,5702-KVQRD
5392,0.05055891404305987,0,7602-MVRMB
143,0.5964583191092536,1,0236-HFWSV
601,0.32115069983121025,0,0880-FVFWF
6386,0.12261554537996756,0,9052-DHNKM
4337,0.10453461878236547,0,6121-TNHBO
3285,0.2562822702992833,0,4693-VWVBO
1074,0.5754499167281513,1,1565-RHDJD
477,0.21000423452188977,0,0696-UKTOX
5882,0.30953928567407885,0,8267-KFGYD
1801,0.002958369264398861,0,2632-TACXW
1185,0.033487830289725545,0,1744-JHKYS
391,0.4693654561369617,0,0578-SKVMF
457,0.4048136079106359,0,0670-KDOMA
5729,0.3300405851916153,0,8065-BVEPF
2306,0.14623706895262256,0,3301-VKTGC
5440,0.7427754609944691,1,7660-HDPJV
1964,0.21761274958737345,0,2843-CQMEG
4877,0.019991903385221024,0,6870-ZWMNX
972,0.011413120570888906,0,1403-LKLIK
1675,0.6730001659419922,1,2446-BEGGB
4368,0.012848047382551029,0,6164-HAQTX
2363,0.585901409402825,1,3387-VATUS
2379,0.07817499649202708,0,3407-JMJQQ
2503,0.06583682605346634,0,3580-HYCSP
3880,0.38881642344606726,0,5453-AXEPF
2900,0.5325303967103355,1,4132-KALRO
4614,0.07439690109303158,0,6506-EYCNH
4540,0.5469964813854093,1,6400-BWQKW
4912,0.030600088683864393,0,6916-HIJSE
3678,0.06855656705756356,0,5186-PEIZU
4293,0.03892242448341753,0,6048-NJXHX
4351,0.014601348392610604,0,6134-KWTBV
4462,0.12561676172851896,0,6289-CPNLD
3776,0.29717656189077923,0,5312-UXESG
1724,0.7427754609944691,1,2514-GINMM
1764,0.08598919230541634,0,2580-ASVVY
4550,0.12845755928024588,0,6416-JNVRK
2629,0.09689387474465529,0,3739-YBWAB
4915,0.3259298867059995,0,6917-YACBP
6077,0.3917512225886093,0,8614-VGMMV
3674,0.031419810318678285,0,5181-OABFK
2068,0.027187930721627115,0,2977-CEBSX
1111,0.6925869482456468,1,1624-NALOJ
3906,0.03816292050328431,0,5495-GPSRW
4470,0.19057952784342685,0,6303-KFWSL
3988,0.32856352231460256,0,5624-BQSSA
4740,0.04566040197118514,0,6681-ZSEXG
6485,0.5979707947147872,1,9185-TQCVP
5886,0.3902811667788015,0,8272-ONJLV
2373,0.5591271230287581,1,3398-ZOUAA
6460,0.015172879209272946,0,9140-CZQZZ
4554,0.01816131354325574,0,6418-PIQSP
6790,0.4709693829908393,0,9637-EIHEQ
7015,0.014601348392610604,0,9953-ZMKSM
6929,0.09916124883883878,0,9830-ECLEN
6394,0.5440262236390886,1,9058-CBREO
3783,0.034918861862994935,0,5321-NTRKC
3253,0.13678139915242274,0,4654-DLAMQ
3270,0.353579337108443,0,4673-KKSLS
699,0.7427754609944691,1,1031-IIDEO
2453,0.012058355261934892,0,3512-IZIKN
3095,0.5867984557458943,1,4439-JMPMT
22,0.527551524669094,1,0027-KWYKW
2999,0.05054561937539938,0,4291-YZODP
121,0.3184813669447306,0,0212-ISBBF
2102,0.3494515411159149,0,3014-WJKSM
279,0.5492700517054383,1,0411-EZJZE
4759,0.05497024899780084,0,6698-OXETB
109,0.14239382915424043,0,0193-ESZXP
4400,0.07333262626492924,0,6202-JVYEU
1249,0.27813062804882294,0,1848-LBZHY
5796,0.6502526771295354,1,8161-QYMTT
306,0.14939523912787675,0,0454-OKRCT
831,0.008657583634823435,0,1215-EXRMO
637,0.2071393714092153,0,0931-MHTEM
4244,0.17326600554179436,0,5985-BEHZK
6990,0.2799263634290179,0,9921-EZKBY
3440,0.00500396071223832,0,4878-BUNFV
3377,0.31448505431527674,0,4811-JBUVU
4024,0.6231742502148232,1,5673-FSSMF
3005,0.5520237118841406,1,4301-VVZKA
3406,0.39518438760231056,0,4828-FAZPK
4264,0.018515351523412174,0,6000-UKLWI
5246,0.1602433568083742,0,7395-XWZOY
4530,0.32856352231460256,0,6380-ARCEH
2622,0.10194584414480222,0,3729-OWRVL
1972,0.6924670468896325,1,2856-HYAPG
5581,0.267635015504909,0,7856-GANIL
3111,0.2747592897381925,0,4459-BBGHE
6807,0.01654408646915618,0,9661-JALZV
5506,0.13345660092762457,0,7753-USQYQ
685,0.05054561937539938,0,1015-JPFYW
5446,0.03938225131197571,0,7665-NKLAV
6388,0.4889713626122434,0,9053-EJUNL
3604,0.019188382461764936,0,5117-ZSMHQ
72,0.13068123755159686,0,0117-LFRMW
6605,0.54005116807179,1,9389-ACWBI
4933,0.2851441021877799,0,6946-LMSQS
1172,0.30953928567407885,0,1725-MIMXW
2808,0.007903905215905251,0,3996-ZNWYK
615,0.1801448671397809,0,0899-WZRSD
6233,0.07544991868085953,0,8815-LMFLX
479,0.119195694307052,0,0699-NDKJM
1663,0.6406744720492747,1,2424-WVHPL
4828,0.10194752071822041,0,6797-LNAQX
1382,0.44685964132441824,0,2043-WVTQJ
2843,0.10489414945863157,0,4057-FKCZK
6021,0.018518852250084605,0,8512-WIWYV
3622,0.02674253684716197,0,5135-GRQJV
3972,0.7427754609944691,1,5597-GLBUC
5675,0.14817425128278536,0,7997-EASSD
3354,0.002958369264398861,0,4785-FCIFB
1191,0.018518852250084605,0,1755-FZQEC
3814,0.45459609305799126,0,5364-XYIRR
5363,0.22057725434685058,0,7572-KPVKK
3602,0.012099913070454488,0,5115-SQAAU
4361,0.036901442361203414,0,6147-CBCRA
2582,0.3024493090488316,0,3692-JHONH
740,0.07289827966478245,0,1088-CNNKB
2686,0.05055891404305987,0,3810-DVDQQ
5561,0.5449652729664067,1,7831-QGOXH
2429,0.030276857007723423,0,3474-BAFSJ
2701,0.27591768380379716,0,3842-IYKUE
6026,0.5350979212283741,1,8519-QJGJD
6862,0.6487709598680995,1,9747-DDZOS
2880,0.0746359757688683,0,4106-HADHQ
11,0.05055891404305987,0,0017-IUDMW
3343,0.5807750810778637,1,4763-PGDPO
6186,0.2789136581088286,0,8751-EDEKA
2172,0.2355458629859884,0,3104-OWCGK
2199,0.32856352231460256,0,3148-BLQJT
1940,0.6163020282274398,1,2815-CPTUL
3581,0.27556052440791334,0,5073-WXOYN
3341,0.40678913538245504,0,4760-THGOT
1878,0.10763649291634042,0,2724-FJDYW
5428,0.02096636899057081,0,7639-OPLNG
2304,0.04252886848728294,0,3298-QEICA
6586,0.14407914150369347,0,9362-MWODR
5278,0.010872812164704586,0,7446-SFAOA
3326,0.01651798096783403,0,4737-AQCPU
6705,0.06762112489579893,0,9522-ZSINC
2633,0.020084824290902095,0,3745-HRPHI
1831,0.2896969451703151,0,2669-QVCRG
671,0.12060923867347481,0,0980-FEXWF
4761,0.010001490558017799,0,6701-YVNQG
808,0.0730369271150129,0,1177-XZBJL
5517,0.031186567331075582,0,7771-CFQRQ
1542,0.213770305566553,0,2252-JHJGE
448,0.11208802994153876,0,0661-KBKPA
6255,0.1311326780190714,0,8851-RAGOV
4955,0.12339475884391549,0,6979-TNDEU
1400,0.002248555822027279,0,2072-ZVJJX
840,0.07897887545274211,0,1222-KJNZD
6595,0.01816131354325574,0,9372-TXXPS
4242,0.03377577936469197,0,5982-PSMKW
1712,0.4280825238274042,0,2495-KZNFB
119,0.45658665509461344,0,0207-MDKNV
927,0.19338947456328623,0,1346-PJWTK
2646,0.15457453526134,0,3758-CKOQL
4939,0.23676322779692197,0,6959-GQEGV
1780,0.41421823814010794,0,2604-IJPDU
4380,0.11460922775807146,0,6174-NRBTZ
4481,0.014601348392610604,0,6323-AYBRX
31,0.011400264310762038,0,0048-PIHNL
5545,0.1847829450238006,0,7811-JIVPF
5490,0.5392768436571422,1,7729-JTEEC
4134,0.002182766348343068,0,5846-ABOBJ
6500,0.640591260606237,1,9221-OTIVJ
2003,0.14561581341918933,0,2889-FPWRM
5636,0.07036601848842104,0,7945-HLKEA
6591,0.11770902374647427,0,9367-TCUYN
1567,0.21742392110599756,0,2277-BKJKN
5420,0.0554356023461538,0,7633-MVPUY
3015,0.5030209910449147,1,4315-MURBD
504,0.37065435916254397,0,0734-OXWBT
6152,0.4719002546524011,0,8714-EUHJO
555,0.5610191034783039,1,0818-OCPZO
17,0.7898529767351918,1,0021-IKXGC
5945,0.10142552477409097,0,8383-SGHJU
4501,0.5471509812037076,1,6347-DCUIK
1328,0.5877614441568728,1,1976-CFOCS
3426,0.6259340703830429,1,4854-CIDCF
6446,0.09784396046035138,0,9127-QRZMH
819,0.5666694245120528,1,1196-AMORA
4770,0.27314261848337845,0,6713-OKOMC
6917,0.24523173900375614,0,9820-RMCQV
4175,0.012099913070454488,0,5902-WBLSE
5355,0.666247150071394,1,7563-BIUPC
5460,0.2509431949627439,0,7683-CBDKJ
4628,0.05603452164411643,0,6522-OIQSX
261,0.5536946011076969,1,0388-EOPEX
5620,0.023302028215556908,0,7921-BEPCI
6260,0.018515351523412174,0,8859-DZTGQ
2578,0.34642769534338014,0,3683-QKIUE
1453,0.11293655661815735,0,2144-ESWKO
3570,0.011931088638224752,0,5057-RKGLH
1857,0.4048136079106359,0,2692-PFYTJ
2105,0.1016331940324256,0,3021-VLNRJ
709,0.06235931277168607,0,1045-LTCYT
5252,0.03308529303660046,0,7401-JIXNM
1821,0.6011954240800025,1,2657-VPXTA
3544,0.5149807827637103,1,5022-KVDQT
1582,0.27078006085075734,0,2305-MRGLV
2715,0.139715393275154,0,3865-YIOTT
6747,0.1158193932681116,0,9577-WJVCQ
2705,0.12255975919797123,0,3847-BAERP
2836,0.09190992018288055,0,4032-RMHCI
5439,0.37175905220060024,0,7658-UYUQS
6532,0.49536381725107986,0,9274-UARKJ
576,0.02883578632452557,0,0847-HGRML
4310,0.49440809951972803,0,6078-VESFR
2957,0.5549576827780267,1,4223-WOZCM
643,0.037143207039149716,0,0942-KOWSM
5533,0.20609250891551958,0,7789-HKSBS
6635,0.1518384429507565,0,9432-RUVSL
2548,0.5337859753623816,1,3644-QXEHN
3277,0.10649929794480835,0,4683-WYDOU
629,0.5823514357576667,1,0925-VYDLG
2057,0.4915879931309954,0,2960-NKRSO
1808,0.16403262158550264,0,2639-UGMAZ
2009,0.14883685171598315,0,2898-LSJGD
1998,0.4733306387649744,0,2884-GBPFB
3259,0.4723446507433709,0,4659-NZRUF
588,0.3324605433345857,0,0867-LDTTC
5526,0.08753072998387516,0,7781-EWARA
3395,0.6705175616208578,1,4822-RVYBB
6904,0.0038396931209160714,0,9800-OUIGR
2469,0.03444783882267306,0,3533-UVMOM
5996,0.08954299157097513,0,8457-XIGKN
2086,0.020341995370978645,0,2990-OGYTD
3696,0.1248611896126159,0,5203-XEHAX
5898,0.027443070770414583,0,8295-KMENE
6156,0.6177667044050075,1,8720-RQSBJ
6902,0.711411867794627,1,9799-CAYJJ
2607,0.32856352231460256,0,3717-OFRTN
1984,0.7427754609944691,1,2868-MZAGQ
6072,0.03574584499682048,0,8606-OEGQZ
6400,0.0094178209260176,0,9065-ZCPQX
3201,0.5601818011707141,1,4587-NUKOX
6346,0.2967806602670093,0,8985-OOPOS
5423,0.3658211906915717,0,7636-OWBPG
4117,0.1114469683754312,0,5825-XJOCM
2929,0.46288605420351203,0,4183-WCSEP
3744,0.015539620331905469,0,5275-PMFUT
1188,0.5026701240619998,1,1751-NCDLI
4754,0.0870976457346952,0,6693-DJWTY
2813,0.13595833321666506,0,4002-BQWPQ
4937,0.19550149642730033,0,6954-OOYZZ
6378,0.15143206559836814,0,9039-RBEEE
3658,0.08691335840988389,0,5170-PTRKA
5220,0.42418200232173203,0,7346-MEDWM
3722,0.4658737526849427,0,5233-GEEAX
2451,0.198686186346798,0,3511-APPBJ
5086,0.24036834038801252,0,7143-BQIBA
2060,0.1572381417571538,0,2967-MXRAV
5294,0.00969280687667012,0,7473-ZBDSN
163,0.5101094861346637,1,0265-EDXBD
955,0.13343147635130834,0,1386-ZIKUV
283,0.29839156336415207,0,0420-BWTPW
682,0.13316894818428465,0,1009-IRMNA
2767,0.012204357032604047,0,3938-YFPXD
2620,0.09607339565380753,0,3727-OWVYD
4204,0.5155834254534104,1,5937-EORGB
1916,0.12223729200608922,0,2791-SFVEW
672,0.26782804696853335,0,0980-PVMRC
2552,0.12672787283963005,0,3648-GZPHF
6815,0.11651726463938938,0,9677-AVKED
1083,0.05150300530249468,0,1576-PFZIW
6651,0.4148763196043086,0,9462-MJUAW
5318,0.44233146810986534,0,7511-YMXVQ
5067,0.3091969526716436,0,7128-GGCNO
5302,0.10202264864832608,0,7492-TAFJD
6290,0.0801739172862275,0,8901-UPRHR
3559,0.008657583634823435,0,5044-XDPYX
683,0.5227177560954204,1,1010-DIAUQ
1854,0.6383680681237819,1,2691-NZETQ
5372,0.4889713626122434,0,7586-ZATGZ
1222,0.19127333273255506,0,1810-MVMAI
5186,0.5196266297694321,1,7296-PIXQY
7036,0.6902740146324611,1,9985-MWVIX
5001,0.5285520695047959,1,7028-DVOIQ
285,0.04604547101169716,0,0420-TXVSG
4936,0.019991903385221024,0,6953-PBDIN
743,0.045479508448304354,0,1090-ESELR
6293,0.5502414944304208,1,8903-XEBGX
6717,0.041801985424445263,0,9541-PWTWO
756,0.1199191917923906,0,1099-BTKWT
6227,0.31518944099704244,0,8807-ARQET
458,0.32856352231460256,0,0673-IGUQO
487,0.6656347312825308,1,0709-TVGUR
6529,0.44269391975004174,0,9269-CQOOL
5537,0.32352122063130617,0,7798-JVXYM
5327,0.028759416607360658,0,7524-VRLPL
6188,0.07988282817950734,0,8752-IMQOS
30,0.19638953813718904,0,0048-LUMLS
4548,0.40510173806412475,0,6410-LEFEN
3640,0.2292662436740347,0,5149-TGWDZ
3916,0.21623038364059216,0,5514-YQENT
2133,0.6231742502148232,1,3063-QFSZL
3110,0.014601348392610604,0,4458-KVRBJ
4707,0.03132527425263389,0,6631-HMANX
2137,0.41218467060460207,0,3069-SSVSN
3050,0.15107639567931805,0,4366-CTOUZ
3278,0.3039177390577744,0,4685-ERGHK
4076,0.12238094172457796,0,5756-OZRIO
2704,0.20183624048185717,0,3845-JHAMY
4203,0.5792748682515503,1,5935-FCCNB
2423,0.18871296808761198,0,3468-DRVQJ
2506,0.3528301360078092,0,3583-KRKMD
1662,0.13755339449334902,0,2419-FSORS
938,0.30439903245166566,0,1357-BIJKI
3123,0.5951633385852722,1,4480-QQRHC
1091,0.5492700517054383,1,1589-AGTLK
6786,0.43802878926891964,0,9631-XEYKE
5312,0.6902740146324611,1,7503-ZGUZJ
2411,0.019015600296736143,0,3452-FLHYD
3709,0.474731014704824,0,5219-YIPTK
4217,0.21699491512506724,0,5951-AOFIH
2656,0.003972583486364576,0,3774-VBNXY
5929,0.13678139915242274,0,8348-JLBUG
267,0.4733306387649744,0,0396-YCHWO
3853,0.35615468834529956,0,5419-JKZNQ
6229,0.6705175616208578,1,8808-ELEHO
3495,0.03717754010773587,0,4950-HKQTE
4927,0.1514353739412683,0,6933-FHBZC
2211,0.5094316477331131,1,3165-HDOEW
6424,0.2376843594669927,0,9097-ZUBYC
1027,0.2969985116906798,0,1482-OXZSY
6320,0.003972583486364576,0,8946-BFWSG
2978,0.3625824639070633,0,4256-ZWTZI
3070,0.10698230497425223,0,4393-OBCRR
43,0.10752043265354222,0,0074-HDKDG
316,0.3159630157477836,0,0468-YRPXN
4985,0.04857485824533568,0,7010-ZMVBF
4126,0.672710236800972,1,5835-BEQEU
6867,0.021280620830747696,0,9755-JHNMN
5746,0.049576965006908426,0,8084-OIVBS
2837,0.5097010130288223,1,4039-HEUNW
2407,0.4148763196043086,0,3446-QDSZF
6960,0.3246667487110077,0,9873-MNDKV
4496,0.09067837198205808,0,6341-JVQGF
6261,0.02439396880020116,0,8859-YSTWS
1208,0.5333104132066253,1,1777-JYQPJ
1852,0.6656347312825308,1,2688-BHGOG
5006,0.09651491242493174,0,7032-LMBHI
4265,0.5698175251744968,1,6005-OBZPH
5902,0.12359154953964765,0,8311-UEUAB
3504,0.567397601016424,1,4959-JOSRX
3478,0.6894464220223123,1,4927-WWOOZ
3793,0.20208261194467558,0,5334-JLAXU
4480,0.28132218896813127,0,6322-PJJDJ
1847,0.032223347518831054,0,2682-KEVRP
4904,0.522043948421894,1,6905-NIQIN
4745,0.009021433077549325,0,6685-XSHHU
4970,0.12371888213808024,0,6993-YCOBK
2731,0.011268364703588642,0,3887-PBQAO
3289,0.11698441313461841,0,4697-LUPSU
6652,0.470297052440673,0,9465-RWMXL
2798,0.1237172260357975,0,3981-QSVQI
3105,0.02729950172818367,0,4451-RWASJ
1546,0.04184161472827301,0,2256-YLYLP
6830,0.26775785509856,0,9701-CDXHR
4733,0.2572987616220267,0,6664-FPDAC
3805,0.4870554977724402,0,5351-QESIO
2279,0.3709547146776426,0,3258-SANFR
2061,0.6452646483968527,1,2968-SSGAA
979,0.3436156267845383,0,1421-HCERK
5334,0.5769414343918733,1,7534-BFESC
939,0.24059862352144035,0,1357-MVDOZ
6723,0.013496292891151798,0,9548-LERKT
3729,0.5101094861346637,1,5244-IRFIH
5664,0.348784217378159,0,7982-VCELR
4062,0.015539620331905469,0,5727-MYATE
5253,0.40272393894222897,0,7401-RUBNK
2809,0.6705175616208578,1,3999-QGRJH
1255,0.6798429051780859,1,1853-UDXBW
5272,0.32856352231460256,0,7434-SHXLS
4201,0.5301833014397822,1,5934-RMPOV
1030,0.08125236592045194,0,1488-SYSFC
5731,0.6452646483968527,1,8065-YKXKD
3866,0.013963869191548224,0,5442-PPTJY
2965,0.5752286858318639,1,4236-UJPWO
3730,0.10145683655428725,0,5245-VDBUR
6899,0.13217400072067895,0,9796-MVYXX
6694,0.025391500701206597,0,9507-HSMMZ
3952,0.1767723444541761,0,5566-SOEZD
1037,0.04755926113081589,0,1498-NHTLT
6497,0.5872971337148379,1,9214-EKVXR
1275,0.522043948421894,1,1895-QTKDO
4625,0.6382025856431816,1,6519-CFDBX
228,0.43381465726899476,0,0354-WYROK
1239,0.019310850071106514,0,1837-YQUCE
3335,0.015941812129773917,0,4750-UKWJK
5515,0.3300417827819426,0,7766-CLTIC
6814,0.052641608257020085,0,9675-ICXCT
2089,0.030538689421692827,0,2996-XAUVF
618,0.0388569036272222,0,0906-QVPMS
5326,0.15996215078122014,0,7521-YXVZY
5077,0.17907362138937985,0,7134-MJPDY
4307,0.15750178036699936,0,6075-QMNRR
192,0.16937009113904622,0,0308-GIQJT
2994,0.6011221844107346,1,4290-BSXUX
3423,0.3366963336244478,0,4851-BQDNX
5089,0.31352321680163553,0,7148-XZPHA
5708,0.6902740146324611,1,8042-JVNFH
5861,0.002182766348343068,0,8237-ULIXL
6420,0.08507237965471104,0,9092-GDZKO
4790,0.21856729539225206,0,6734-CKRSM
4192,0.21616025229057365,0,5919-VCZYM
2833,0.40120061552473146,0,4026-SKKHW
2371,0.6407907803574378,1,3398-FSHON
5283,0.17123502610224922,0,7459-IMVYU
4193,0.19168594102888034,0,5921-NGYRH
6129,0.2402500423014005,0,8679-LZBMD
6507,0.03560064266551179,0,9229-RQABD
6700,0.5877614441568728,1,9514-JDSKI
5563,0.10081167391254653,0,7838-LAZFO
4771,0.5088993255685288,1,6715-OFDBP
5607,0.3157173220009104,0,7895-VONWT
4483,0.5586746790196946,1,6328-ZPBGN
3233,0.6325124366450221,1,4631-OACRM
6052,0.03143016893679207,0,8573-JGCZW
3847,0.30640943182452945,0,5402-HTOTQ
3505,0.029325371822424794,0,4962-CHQPW
579,0.24973664879472962,0,0851-DFJKB
3893,0.1680178677586143,0,5478-JJVZK
5289,0.18594686459460008,0,7470-DYNOE
2908,0.1355301582936338,0,4139-JPIAM
6612,0.2718839806642131,0,9396-ZSFLL
6093,0.033438729426846586,0,8630-QSGXK
1652,0.04624070764859054,0,2400-XIWIO
6801,0.00500396071223832,0,9650-VBUOG
2687,0.003196980570308784,0,3810-PJUHR
4222,0.5807063937261974,1,5956-YHHRX
6082,0.6522013571372858,1,8622-ZLFKO
6712,0.021040844915383713,0,9531-NSBMR
6977,0.5323361893560675,1,9903-LYSAB
1939,0.25692593359111604,0,2812-SFXMJ
6206,0.5447682823620932,1,8778-LMWTJ
1836,0.2248481138433227,0,2673-CXQEU
4288,0.05566887329527195,0,6036-TTFYU
1423,0.050653103678764966,0,2096-XOTMO
5613,0.2818556404205208,0,7905-NJMXS
4357,0.32856352231460256,0,6141-OOXUQ
748,0.05497024899780084,0,1093-YSWCA
3323,0.06791026437762489,0,4732-RRJZC
3489,0.09898481182817445,0,4942-VZZOM
516,0.2507625559494952,0,0750-EBAIU
3457,0.4328105074155871,0,4902-OHLSK
4885,0.010609961550383287,0,6885-PKOAM
5634,0.01618694361201332,0,7941-RCJOW
6470,0.282351989785789,0,9158-VCTQB
6955,0.37734436709365893,0,9866-QEVEE
2771,0.24472395044835465,0,3946-JEWRQ
3230,0.28180439755959447,0,4628-CTTLA
3467,0.7427754609944691,1,4912-PIGUY
5999,0.19673386991421027,0,8465-SBRXP
2750,0.015539620331905469,0,3913-FCUUW
6475,0.011676278465625746,0,9170-ARBTB
967,0.6868915855661455,1,1400-MMYXY
3320,0.522043948421894,1,4727-MCYZG
248,0.4915879931309954,0,0376-YMCJC
6393,0.672710236800972,1,9057-SIHCH
1373,0.4351588889270186,0,2038-LLMLM
1299,0.07961609106205926,0,1930-QPBVZ
4295,0.05113104075592605,0,6048-UWKAL
812,0.6439179972144022,1,1184-PJVDB
4720,0.0433157006386139,0,6650-BWFRT
5485,0.32856352231460256,0,7721-DVEKZ
5820,0.023738231095283127,0,8191-XWSZG
3985,0.21005868636119474,0,5619-PTMIK
5794,0.32882622030868924,0,8158-WPEZG
7031,0.20240843773426367,0,9974-JFBHQ
592,0.3031701703412577,0,0870-VEMYL
5251,0.01651798096783403,0,7399-QHBJS
2555,0.019005451101407028,0,3654-ARMGP
1016,0.022271791604143658,0,1468-DEFNC
4839,0.33424502627178204,0,6818-WOBHJ
3941,0.03560729512233705,0,5546-QUERU
5482,0.003972583486364576,0,7717-BICXI
3414,0.002182766348343068,0,4836-WNFNO
4115,0.10046207706902197,0,5820-PTRYM
1319,0.5731016106184655,1,1963-SVUCV
3387,0.48957164014645227,0,4817-VYYWS
3487,0.201569165783295,0,4939-KYYPY
6453,0.013387226351638666,0,9135-MGVPY
1571,0.09551468690967953,0,2282-YGNOR
5895,0.19449571177495098,0,8292-TYSPY
5342,0.666247150071394,1,7548-SEPYI
6351,0.5869104941294216,1,8992-JQYUN
4450,0.2763095421325923,0,6270-OMFIW
4560,0.04156676349011337,0,6427-FEFIG
6314,0.48277902254206184,0,8938-UMKPI
415,0.04299259120631043,0,0617-AQNWT
108,0.3065283196772483,0,0191-ZHSKZ
4620,0.7529086060397576,1,6513-EECDB
6853,0.48538407606640666,0,9734-YWGEX
2288,0.4136854647616346,0,3269-ATYWD
5750,0.10855049078679095,0,8089-UZWLX
1034,0.011931088638224752,0,1494-EJZDW
3300,0.6177667044050075,1,4706-DGAHW
4021,0.45866487982613896,0,5669-SRAIP
1280,0.5301833014397822,1,1902-XBTFB
5204,0.5014501527546533,1,7321-PKUYW
960,0.3448331440212374,0,1394-SUIUH
362,0.4368260962467503,0,0531-ZZJWQ
5028,0.2540986382884464,0,7067-KSAZT
3661,0.0433157006386139,0,5172-RKOCB
6944,0.033035707600576725,0,9847-HNVGP
1474,0.6089095262376071,1,2180-DXNEG
3619,0.5872971337148379,1,5133-POWUA
4254,0.5553621636944339,1,5995-SNNEW
5132,0.003262770043992994,0,7225-IILWY
4837,0.5333104132066253,1,6817-WTYHE
146,0.24522799211853447,0,0239-OXEXL
3072,0.6925869482456468,1,4395-PZMSN
5568,0.07524613181768211,0,7845-URHJN
3318,0.3517236015142069,0,4724-WXVWF
2108,0.09022318488269988,0,3026-ATZYV
4662,0.28828077123959955,0,6581-NQCBA
3919,0.36789697254470743,0,5515-RUGKN
3993,0.2754650253718786,0,5628-RKIFK
1937,0.09551468690967953,0,2812-ENYMO
6371,0.13343147635130834,0,9027-YFHQJ
6503,0.12662402955857754,0,9225-BZLNZ
2212,0.01851028741715493,0,3166-PNEOF
5754,0.31642510096007587,0,8096-LOIST
3980,0.46938856806623086,0,5606-AMZBO
993,0.15478763064042103,0,1442-OKRJE
4749,0.6115377884091692,1,6689-TCZHQ
5101,0.015810150807540425,0,7167-PCEYD
2661,0.2294194082430847,0,3780-DDGSE
1826,0.05055891404305987,0,2664-XJZNO
6197,0.03255943220846739,0,8766-PAFNE
4110,0.4159019323970263,0,5813-UECBU
5159,0.522043948421894,1,7252-NTGSS
4270,0.6163020282274398,1,6015-VVHHE
5051,0.0632074992686708,0,7103-ZGVNT
1138,0.01710724876243068,0,1676-MQAOA
6622,0.11402922869492478,0,9411-TPQQV
3158,0.7121860875721595,1,4529-CKBCL
1151,0.14571090143182275,0,1697-BCSHV
3262,0.5333104132066253,1,4662-EKDPQ
1257,0.18796495108929331,0,1855-CFULU
2752,0.49810415854715573,0,3914-FDRHP
3527,0.023691533370494428,0,5003-OKNNK
2746,0.5689334535686515,1,3908-BLSYF
1911,0.4174904056527,0,2786-GCDPI
5185,0.5493512254504723,1,7295-JOMMD
6764,0.7898529767351918,1,9603-OAIHC
1957,0.13887615431428435,0,2834-JKOOW
6210,0.6554098481319076,1,8780-IXSTS
3159,0.04123324875871259,0,4530-NDRKU
1263,0.5255413165412609,1,1866-RZZQS
2169,0.6916578293884004,1,3097-NQYSN
373,0.022338784434740366,0,0556-FJEGU
5247,0.4214121840511752,0,7396-VJUZB
874,0.02495117631297989,0,1265-ZFOSD
6035,0.13514304617047113,0,8548-AWOFC
6118,0.168012918635276,0,8663-UPDGF
642,0.5471509812037076,1,0940-OUQEC
3311,0.021687305259704793,0,4716-MRVEN
5665,0.19670529714153168,0,7989-AWGEH
6847,0.7427754609944691,1,9728-FTTVZ
1110,0.10753088283828291,0,1623-NLDOT
6941,0.14110893533184427,0,9845-PEEKO
5994,0.31879588080036964,0,8455-HIRAQ
4191,0.7073124998170297,1,5919-TMRGD
3781,0.030293485821146934,0,5318-YKDPV
3120,0.01563101211831661,0,4475-NVTLU
764,0.5486163610655739,1,1112-CUNAO
2287,0.03526605672864622,0,3266-FTKHB
2951,0.5549576827780267,1,4208-UFFGW
1199,0.5112105679356967,1,1766-GKNMI
118,0.1918747834228153,0,0206-TBWLC
755,0.4048136079106359,0,1098-TDVUQ
2464,0.33611683755128086,0,3524-WQDSG
4863,0.015274869567115356,0,6855-VLGOS
5399,0.033035707600576725,0,7609-NRNCA
4746,0.28184145762385865,0,6686-YPGHK
940,0.2756893927213085,0,1360-JYXKQ
4396,0.5764514584998653,1,6198-ZFIOJ
4329,0.6388998578811107,1,6108-OQZDQ
3149,0.4947593876135481,0,4521-YEEHE
6336,0.6649956720866871,1,8972-HJWNV
2886,0.037143207039149716,0,4115-BNPJY
2823,0.32856352231460256,0,4013-GUXND
1547,0.26554791882781925,0,2257-BOVXD
6964,0.26978497637229526,0,9881-VCZEP
326,0.003972583486364576,0,0485-ZBSLN
3347,0.7121860875721595,1,4770-UEZOX
2246,0.22905182328693743,0,3209-ZPKFI
5102,0.041712776303733205,0,7168-HDQHG
4473,0.108468082354034,0,6308-CQRBU
6273,0.5492700517054383,1,8878-HMWBV
48,0.5872971337148379,1,0082-LDZUE
6461,0.2972959803746837,0,9142-KZXOP
5614,0.3838684537933996,0,7905-TVXTA
687,0.6705175616208578,1,1016-DJTSV
1260,0.07815518950281897,0,1866-DIOQZ
159,0.7121860875721595,1,0259-GBZSH
4236,0.33611683755128086,0,5977-CKHON
1557,0.2642506116806905,0,2270-CHBFN
6962,0.7121860875721595,1,9878-TNQGW
651,0.23887968002746787,0,0953-LGOVU
4972,0.19189082402611335,0,6994-FGRHH
2559,0.6072170156745124,1,3658-KIBGF
1839,0.32107179315782036,0,2674-MLXMN
124,0.14911486932996185,0,0218-QNVAS
6611,0.026354294117922575,0,9392-XBGTD
6791,0.5922174800243107,1,9638-JIQYA
610,0.029161900510405566,0,0895-LNKRC
6,0.03295638466542238,0,0013-SMEOE
1079,0.5136862683948847,1,1571-SAVHK
5108,0.6798429051780859,1,7180-PISOG
6583,0.23349019845172914,0,9360-AHGNL
791,0.09884563357450228,0,1154-HYWWO
6032,0.5008953011721105,1,8544-GOQSH
3590,0.1060599388253485,0,5089-IFSDP
4926,0.003196980570308784,0,6928-ONTRW
6284,0.3430737684647785,0,8887-IPQNC
648,0.5748864882436944,1,0947-IDHRQ
5357,0.13755339449334902,0,7566-DSRLQ
5113,0.26367785247876635,0,7188-CBBBA
6054,0.7898529767351918,1,8580-AECUZ
397,0.47613214995358244,0,0585-EGDDA
3760,0.02550817370604657,0,5296-PSYVW
84,0.52978407407401,1,0135-NMXAP
4766,0.2946043376238179,0,6710-HSJRD
1175,0.10936309540447235,0,1729-VLAZJ
5546,0.0487558537204488,0,7812-FZHPE
4155,0.2099271067485398,0,5876-HZVZM
3618,0.3276790166926455,0,5131-PONJI
4061,0.020783116622920084,0,5726-CVNYA
4148,0.12223729200608922,0,5863-OOKCL
2071,0.716956422190449,1,2982-IHMFT
400,0.2802394781654291,0,0595-ITUDF
2782,0.5539245091692865,1,3957-LXOLK
5450,0.5537179436290885,1,7668-XCFYV
5376,0.28982050950936705,0,7593-JNWRU
963,0.3589825672450839,0,1396-QWFBJ
2186,0.31269955285789053,0,3132-TVFDZ
1240,0.009982985728753814,0,1839-FBNFR
6142,0.6231742502148232,1,8705-WZCYL
4944,0.022496894518054554,0,6963-EZQEE
1281,0.10717856159043664,0,1904-WAJAA
2618,0.32856352231460256,0,3727-JEZTU
813,0.027443070770414583,0,1187-WILMM
849,0.18821408661607208,0,1229-RCALF
878,0.010577862500874797,0,1270-XKUCC
6510,0.028132450887432055,0,9236-NDUCW
3114,0.4758626219368763,0,4465-VDKIQ
5683,0.3836749646800087,0,8008-HAWED
5281,0.6407907803574378,1,7450-NWRTR
4788,0.03819881681308703,0,6732-VAILE
3962,0.09607339565380753,0,5575-GNVDE
6864,0.6231742502148232,1,9752-ZNQUT
2415,0.01907154509802731,0,3454-JFUBC
4545,0.6837343018107944,1,6407-UTSLV
4729,0.41203260948476866,0,6656-JWRQX
3525,0.09171836034863734,0,4999-IEZLT
619,0.03934843863162995,0,0907-HQNTS
5375,0.5869104941294216,1,7590-VHVEG
718,0.1319404243038861,0,1060-ENTOF
2416,0.003972583486364576,0,3457-PQBYH
3986,0.07675130210210576,0,5619-XZZKR
3946,0.08539662979002208,0,5555-RNPGT
530,0.017101348392610606,0,0780-XNZFN
2356,0.5105041083496425,1,3374-LXDEV
3620,0.2757967891855269,0,5133-VRSAB
6604,0.09803069706913989,0,9388-ZEYVT
6981,0.22118266024838779,0,9909-DFRJA
6053,0.009982985728753814,0,8577-QSOCG
1447,0.08875025775549428,0,2137-DQMEV
2981,0.2017642116491374,0,4274-DRSQT
1899,0.2992277802589884,0,2758-RNWXS
4023,0.29953406350149236,0,5671-UUNXD
148,0.2297712379892351,0,0247-SLUJI
6987,0.061028947104979574,0,9919-FZDED
4129,0.04875393657221633,0,5840-NVDCG
3148,0.028758660688627282,0,4521-WFJAI
6950,0.06855656705756356,0,9860-LISIZ
5495,0.4254540530354678,0,7734-DBOAI
35,0.06622269178837463,0,0057-QBUQH
4467,0.5299471814792971,1,6298-QDFNH
1193,0.011413120570888906,0,1757-TCATG
4851,0.13250358432002407,0,6838-YAUVY
1627,0.4048136079106359,0,2369-FEVNO
801,0.33396720370039756,0,1169-WCVAK
6038,0.08995488016622985,0,8559-CIZFV
6405,0.01816131354325574,0,9068-VPWQQ
4638,0.5359894623856233,1,6543-XRMYR
6158,0.031170267389413694,0,8722-PRFDV
4421,0.34128585166838066,0,6233-HXJMX
6811,0.04517780077635786,0,9668-PUGNU
5031,0.7195357861524478,1,7074-IEVOJ
2446,0.018518852250084605,0,3506-OVLKD
2806,0.5165041313958891,1,3992-YWPKO
2182,0.24078121513340522,0,3128-YOVTD
5241,0.5208855940792633,1,7389-KBFIT
3222,0.2402306309933534,0,4622-YNKIJ
2659,0.014374395558527037,0,3778-FOAQW
2196,0.02941411859237801,0,3146-JTQHR
2770,0.33074854591193165,0,3945-GFWQL
2803,0.48188935671792005,0,3987-KQDDU
4429,0.3157173220009104,0,6243-OZGFH
5552,0.7121860875721595,1,7817-BOQPW
5950,0.44877277220262213,0,8388-FYNPZ
3297,0.03717754010773587,0,4703-MQYKT
2299,0.00499091696815677,0,3284-SVCRO
6251,0.1172232939820863,0,8847-GEOOQ
6750,0.09305402891767246,0,9581-GVBXT
5930,0.15803618608793188,0,8350-NYMVI
4507,0.49004828568916653,0,6352-TWCAU
5711,0.10119630977444427,0,8044-BGWPI
4125,0.7427754609944691,1,5834-ASPWA
4162,0.6487709598680995,1,5884-GCYMI
5616,0.18151438357208846,0,7909-FIOIY
5021,0.07166629026091084,0,7055-JCGNI
1131,0.33047339872374853,0,1658-XUHBX
3968,0.4562949428388589,0,5590-BYNII
4624,0.01533079605793543,0,6518-PPLMZ
6924,0.5416901455099666,1,9824-BEMCV
1224,0.05053932865609653,0,1813-JYWTO
3038,0.19379929410371358,0,4350-ZTLPI
6693,0.6886877324235353,1,9507-EXLTT
4083,0.16684477783298887,0,5766-XQXMQ
62,0.1128135999693275,0,0106-UGRDO
2979,0.3278132083685347,0,4257-GAESD
4743,0.5772260015693347,1,6683-VLCTZ
663,0.7427754609944691,1,0970-ETWGE
6128,0.2537949912096464,0,8679-JOEVF
3445,0.3353493090656661,0,4883-QICIH
5093,0.1116782886197379,0,7156-MXBJE
5126,0.7529086060397576,1,7216-EWTRS
2351,0.5823514357576667,1,3370-HXOPH
6328,0.36840266967690105,0,8963-JLGJT
1102,0.5807750810778637,1,1602-IJQQE
2667,0.35889412000189663,0,3791-LGQCY
2977,0.26215340089729916,0,4255-DDUOU
2435,0.0678419799495475,0,3487-EARAT
2012,0.5239702363506895,1,2903-YYTBW
4034,0.10477626942484973,0,5688-KZTSN
2989,0.6383680681237819,1,4282-YMKNA
6315,0.11770902374647427,0,8942-DBMHZ
5755,0.0809490053972538,0,8097-OMULG
4048,0.3048805957940827,0,5701-ZIKJE
2195,0.2683961039307249,0,3144-KMTWZ
3376,0.10579745594477359,0,4808-YNLEU
1521,0.5222985731490977,1,2232-DMLXU
1303,0.32856352231460256,0,1934-SJVJK
5822,0.015539620331905469,0,8197-BFWVU
3612,0.025810491987071974,0,5126-RCXYW
4256,0.4048136079106359,0,5996-DAOQL
23,0.21856729539225206,0,0030-FNXPP
3143,0.24673253166996198,0,4510-PYUSH
4479,0.10208266388881464,0,6322-HRPFA
1392,0.5222461103198189,1,2057-ZBLPD
5916,0.3133055905736028,0,8329-GWVPJ
2703,0.270839121620364,0,3845-FXCYS
6681,0.7898529767351918,1,9497-QCMMS
732,0.011782984709711444,0,1080-BWSYE
3920,0.6089095262376071,1,5519-NPHVG
3574,0.046502177435217076,0,5063-IUOKK
5991,0.009982985728753814,0,8450-LUGUK
5403,0.6089095262376071,1,7613-LLQFO
2203,0.7121860875721595,1,3158-MOERK
670,0.255834719381345,0,0979-PHULV
4028,0.02104764745672743,0,5680-LQOGP
6080,0.3674100546373837,0,8620-RJPZN
3066,0.15826418209747659,0,4390-KYULV
1103,0.3989358340787589,0,1608-GMEWB
2537,0.1640141769945917,0,3635-JBPSG
3937,0.022981782718431192,0,5542-NKVRU
5010,0.03249554607061485,0,7037-MTYVW
7040,0.5922174800243107,1,9992-UJOEL
2080,0.02027085170058707,0,2987-BJXIK
349,0.09190731257214249,0,0516-QREYC
5466,0.6267292986875163,1,7693-LCKZL
4603,0.3221830024304909,0,6486-LHTMA
2389,0.19501602553894076,0,3419-SNJJD
2788,0.0121657025441387,0,3967-VQOGC
3802,0.6089095262376071,1,5348-CAGXB
4702,0.3671115691150393,0,6625-UTXEW
1828,0.021088887096243476,0,2667-WYLWJ
6916,0.44018020674867886,0,9819-FBNSV
354,0.6487709598680995,1,0519-XUZJU
6918,0.2483164122166492,0,9821-BESNZ
3516,0.2269457305464851,0,4986-MXSFP
107,0.03259501927862827,0,0191-EQUUH
3260,0.32765380773962116,0,4660-IRIBM
5753,0.32101445226285963,0,8095-WANWK
6687,0.17170096345031152,0,9501-UKKNL
6820,0.3450573504398794,0,9688-YGXVR
1104,0.5731016106184655,1,1612-EOHDH
4065,0.24273141012718377,0,5730-RIITO
120,0.07016536988629248,0,0208-BPQEJ
857,0.022969175477236127,0,1241-FPMOF
1333,0.20843661510362652,0,1984-FCOWB
5011,0.21961013471065058,0,7041-TXQJH
3425,0.07166629026091084,0,4853-RULSV
5160,0.023379953244168524,0,7253-UVNDW
2470,0.4064945367933306,0,3536-IQCTX
7008,0.32837842302945314,0,9943-VSZUV
6417,0.24100451213121243,0,9089-UOWJG
1680,0.32837842302945314,0,2452-KDRRH
5385,0.6315134602295465,1,7598-UAASY
3617,0.04293395688886377,0,5130-YPIRV
5977,0.30638595442324723,0,8429-XIBUM
4050,0.13955344264901304,0,5702-SKUOB
2601,0.7427754609944691,1,3716-BDVDB
6119,0.5239702363506895,1,8665-UTDHZ
5566,0.12641450140070565,0,7841-FCRQD
3459,0.1304399553480258,0,4903-UYAVB
3614,0.025924215931628577,0,5129-HHMZC
4577,0.5203471097968261,1,6458-CYIDZ
6408,0.048830756852926135,0,9073-ZZIAY
2378,0.3708121629645629,0,3404-JNXAX
4338,0.4048136079106359,0,6121-VZNQB
2569,0.5097010130288223,1,3672-YITQD
4613,0.14486492661451378,0,6505-OZNPG
178,0.22252902804583535,0,0289-IVARM
96,0.03691292050328431,0,0164-XAIRP
5179,0.4431349555058672,0,7284-BUYEC
1726,0.08000268438028668,0,2516-XSJKX
5781,0.13895670307540509,0,8138-EALND
4461,0.3230994494487374,0,6288-LBEAR
2709,0.5299471814792971,1,3858-VOBET
5908,0.022275977795617047,0,8316-BBQAY
5706,0.6487709598680995,1,8040-MNRTF
6163,0.14144364524759526,0,8731-WBBMB
2532,0.5506667459879634,1,3627-FCRDW
5083,0.029166563064139308,0,7139-JZFVG
5802,0.36233553286565656,0,8167-GJLRN
5603,0.5244514980392424,1,7890-VYYWG
6603,0.23187525972568426,0,9386-LDCZR
3494,0.27019721347602016,0,4950-BDEUX
2744,0.028026549810758493,0,3902-MIVLE
783,0.024297450307283544,0,1139-WUOAH
4246,0.026989127453836782,0,5986-WWXDV
3379,0.5116010709253949,1,4815-GBTCD
2480,0.018706070991774817,0,3549-ZTMNH
3446,0.026719970402150826,0,4884-LEVMQ
3852,0.6304606464575857,1,5419-CONWX
6076,0.018706070991774817,0,8612-GXIDD
3079,0.5610191034783039,1,4412-YLTKF
375,0.029419998452789843,0,0559-CKHUS
1348,0.7427754609944691,1,2004-OCQXK
4052,0.03131908824413917,0,5707-ZMDJP
4903,0.03453259973877873,0,6904-JLBGY
2574,0.003262770043992994,0,3678-MNGZX
6935,0.003196980570308784,0,9838-BFCQT
1312,0.015539620331905469,0,1951-IEYXM
608,0.423271420195776,0,0895-DQHEW
2402,0.522043948421894,1,3439-GVUSX
4435,0.019188382461764936,0,6253-GNHWH
1610,0.27019721347602016,0,2346-DJQTB
4229,0.00500396071223832,0,5968-HYJRZ
2549,0.25692593359111604,0,3645-DEYGF
928,0.48917568514092397,0,1346-UFHAX
2442,0.019652562477610453,0,3500-NSDOA
2624,0.1644702000737265,0,3733-UOCWF
3007,0.08181522553484853,0,4304-TSPVK
78,0.12811530893344142,0,0128-MKWSG
1621,0.1116782886197379,0,2361-FJWNO
2664,0.32856352231460256,0,3785-NRHYR
4555,0.038078739940581266,0,6419-ZTTLE
1953,0.5451044600726066,1,2831-EBWRN
3096,0.3037916337018752,0,4439-YRNVD
788,0.1258037650084696,0,1150-FTQGN
384,0.027311176446381067,0,0567-XRHCU
6114,0.1639190404757589,0,8659-HDIYE
1070,0.016079307601903813,0,1561-BWHIN
1128,0.010760676418328586,0,1657-DYMBM
2372,0.022339192954544004,0,3398-GCPMU
4859,0.23388496779844117,0,6849-OYAMU
4176,0.4048136079106359,0,5906-BFOZT
853,0.09640542545655947,0,1237-WIYYZ
3063,0.5394090052594863,1,4385-GZQXV
1775,0.32856352231460256,0,2592-YKDIF
2067,0.43737869556007086,0,2974-GGUXS
1480,0.09607339565380753,0,2188-SXWVT
5666,0.4048136079106359,0,7989-CHGTL
2083,0.06759769445631279,0,2988-QRAJY
6615,0.6798429051780859,1,9399-APLBT
6789,0.0433157006386139,0,9637-CDTKZ
5020,0.4278325532703721,0,7055-HNEOJ
1634,0.2774924688350413,0,2378-HTWFW
95,0.11464950483873956,0,0164-APGRB
3909,0.11115360730785939,0,5499-ECUTN
6773,0.17943836198633517,0,9618-LFJRU
2909,0.11793558514154584,0,4139-SUGLD
2140,0.008347402943619874,0,3070-FNFZQ
1907,0.6924670468896325,1,2777-PHDEI
1962,0.34906712384218,0,2842-BCQGE
4902,0.054971744285049196,0,6901-GOGZG
2076,0.003196980570308784,0,2984-RGEYA
1738,0.13927953021625158,0,2530-ENDWQ
6123,0.21005868636119474,0,8671-KKKOS
5786,0.013408789896094387,0,8148-NLEGT
1276,0.030347195631061183,0,1897-OKVMW
3384,0.18422659857486118,0,4816-OKWNX
2927,0.08205320327408634,0,4182-BGSIQ
4526,0.5807750810778637,1,6376-GAHQE
5874,0.522043948421894,1,8260-NGFNY
5856,0.48179235972434353,0,8229-TNIQA
1529,0.003972583486364576,0,2236-HILPA
150,0.07251530815359303,0,0248-PGHBZ
544,0.34098024855377856,0,0804-XBFBV
241,0.24246954420829994,0,0369-ZGOVK
5609,0.5350979212283741,1,7901-HXJVA
1528,0.4214121840511752,0,2235-ZGKPT
2751,0.002958369264398861,0,3913-RDSJZ
6794,0.5947605061012513,1,9643-AVVWI
5788,0.348784217378159,0,8149-AIQCG
6308,0.00500396071223832,0,8922-NPKBJ
3193,0.1479440877618168,0,4576-CSAJH
770,0.15005551515517854,0,1121-QSIVB
2597,0.019191025729150504,0,3712-PKXZA
3302,0.010980487707728206,0,4707-YNOQA
3047,0.018515351523412174,0,4361-FEBGN
201,0.7207225407409327,1,0318-QUUOB
4659,0.14661734646979702,0,6576-FBXOJ
1701,0.34707469965125737,0,2479-BRAMR
2640,0.08978323892111603,0,3752-CQSJI
4498,0.002182766348343068,0,6345-FZOQH
5168,0.4968467748045844,0,7270-BDIOA
6064,0.672710236800972,1,8593-WHYHV
3820,0.06227049818548946,0,5372-FBKBN
2835,0.4806587445194363,0,4030-VPZBD
4815,0.636103772318817,1,6772-KSATR
41,0.112479685925306,0,0068-FIGTF
4311,0.022969175477236127,0,6080-LNESI
1161,0.014601348392610604,0,1705-GUHPV
2959,0.09931855710321637,0,4227-OJHAL
567,0.19673143782761343,0,0835-JKADZ
2663,0.025903799792272805,0,3785-KTYSH
6437,0.1806442301816089,0,9114-AAFQH
5395,0.17969494711151232,0,7605-SNLQG
2132,0.3707104654519638,0,3062-ICYZQ
5276,0.1401011830708337,0,7445-WMRBW
6711,0.06098141772133291,0,9530-GRMJG
823,0.3409731498888346,0,1205-WNWPJ
5970,0.6453351928974104,1,8413-VONUO
4563,0.08860834624517597,0,6434-TTGJP
4782,0.20927154134698228,0,6728-DKUCO
1725,0.6837343018107944,1,2516-VQRRV
5198,0.5105041083496425,1,7315-WYOAW
5307,0.4959566822678405,0,7501-VTYLJ
1893,0.015797224094013854,0,2749-CTKAJ
3733,0.010001490558017799,0,5248-YGIJN
1473,0.3657144496298867,0,2178-PMGCJ
6557,0.5451919459493549,1,9314-IJWSQ
3033,0.16206152977842705,0,4338-EYCER
5057,0.27409531718455127,0,7109-MFBYV
2320,0.672710236800972,1,3318-NMQXL
103,0.1575918475940035,0,0186-CAERR
3430,0.48917568514092397,0,4860-IJUDE
2309,0.04786739215436597,0,3308-JSGML
6710,0.3644363262406902,0,9530-EHPOH
4472,0.17692677161908377,0,6305-YLBMM
2262,0.1604983237063129,0,3230-WYKIR
7011,0.015280224469335356,0,9945-PSVIP
5486,0.1567492338036441,0,7721-JXEAW
2621,0.6522013571372858,1,3727-RJMEO
1520,0.00500396071223832,0,2230-XTUWL
3587,0.12909190466295845,0,5084-OOVCJ
5885,0.6383680681237819,1,8270-RKSAP
6057,0.5624963887926596,1,8584-KMVXD
4130,0.5140781616687247,1,5842-POCOP
1929,0.04072297943899799,0,2805-AUFQN
5196,0.5219967332986954,1,7312-XSBAT
3514,0.6072415104472279,1,4983-CCWMC
545,0.010980487707728206,0,0804-YGEQV
1164,0.00500396071223832,0,1709-EJDOX
1568,0.30481141601428025,0,2277-DJJDL
6656,0.3314964721862335,0,9470-XCCEM
2257,0.1838523915122382,0,3224-DFQNQ
5321,0.6089095262376071,1,7517-LDMPS
6120,0.13033571111116196,0,8668-KNZTI
5834,0.045479508448304354,0,8207-DMRVL
4451,0.6513703540148967,1,6275-YDUVO
372,0.25890730867391126,0,0550-DCXLH
3049,0.07925581047502743,0,4365-MSDYN
6953,0.18461580182325346,0,9863-JZAIC
5117,0.020241793638948322,0,7197-VOJMM
734,0.6442510292043793,1,1084-UQCHV
6535,0.4438547944292428,0,9279-CJEOJ
67,0.10109763383324287,0,0112-QWPNC
6423,0.585901409402825,1,9095-HFAFX
6270,0.021687305259704793,0,8873-TMKGR
1978,0.5375784392913933,1,2862-PFNIK
5673,0.016845681381385206,0,7996-BPXHY
2374,0.031851445828652535,0,3399-BMLVW
6447,0.247304172915712,0,9128-CPXKI
4120,0.271705458868817,0,5828-DWPIL
5653,0.5332883245923368,1,7969-AULMZ
1779,0.48957164014645227,0,2603-HVKCG
620,0.24764301694899518,0,0909-SDHNU
6476,0.2780229313069919,0,9170-CCKOU
2863,0.2818522930294285,0,4080-OGPJL
5413,0.4215895553263951,0,7623-TRNQN
4705,0.47908687929342997,0,6629-LADHQ
3252,0.00500396071223832,0,4652-ODEVH
6952,0.204349428556188,0,9862-KJTYK
2764,0.45528577864724623,0,3934-HXCFZ
3083,0.12404358648262905,0,4419-UJMUS
5213,0.08676796184864283,0,7336-RLLRH
2553,0.033475185373355344,0,3649-JPUGY
4678,0.39549213197245675,0,6599-GZWCM
1072,0.3873678724327316,0,1564-HJUVY
6490,0.09638019422355684,0,9199-PWQVC
5396,0.01561597605025887,0,7606-BPHHN
3017,0.6231742502148232,1,4317-VTEOA
2131,0.11465236960604104,0,3061-BCKYI
5481,0.2407924089606378,0,7716-YTYHG
2344,0.011931088638224752,0,3352-RICWQ
181,0.37863391440418803,0,0295-QVKPB
1198,0.02834575310193421,0,1764-VUUMT
4248,0.14274771589034876,0,5989-OMNJE
2270,0.32856352231460256,0,3247-MHJKM
7029,0.15782692591575462,0,9972-NKTFD
1617,0.33278749145877673,0,2359-KLTEK
6508,0.7023893031005427,1,9231-ZJYAM
3408,0.1311987407146963,0,4829-ZLJTK
710,0.3064229530555683,0,1047-NNCBF
4583,0.15577918731662105,0,6465-GSRCL
5891,0.5219967332986954,1,8286-AFUYI
2159,0.22678761891178778,0,3092-IGHWF
369,0.5165427211756457,1,0541-FITGH
1495,0.3613529964449944,0,2203-GHNWN
5642,0.15138241861505622,0,7954-MLBUN
1840,0.4394717996424537,0,2675-DHUTR
5557,0.22642305027591292,0,7824-PANSQ
6225,0.5333104132066253,1,8805-JNRAZ
262,0.7191612887407599,1,0390-DCFDQ
2756,0.49602192756510666,0,3923-CSIHK
6738,0.10699529372826178,0,9570-KYEUA
729,0.5742646210198309,1,1075-BGWOH
4604,0.130602281517618,0,6490-FGZAT
1290,0.15356427848994628,0,1921-KYSAY
4787,0.15975567584471834,0,6732-FZUGP
1270,0.1623870547775657,0,1877-HKBQX
6922,0.38058933067667433,0,9822-WMWVG
600,0.2071393714092153,0,0877-SDMBN
5453,0.1205269453885414,0,7672-VFMXZ
3477,0.15764722115225796,0,4926-UMJZD
3439,0.08079359685705705,0,4877-TSOFF
6609,0.08507237965471104,0,9391-TTOYH
4725,0.7427754609944691,1,6653-CBBOM
5345,0.28982050950936705,0,7551-DACSP
126,0.6016373190734389,1,0219-YTZUE
635,0.332957878424698,0,0929-PECLO
6692,0.6149305050055018,1,9506-UXUSK
5243,0.5530062255136821,1,7394-FKDNK
2673,0.5426317962449834,1,3797-FKOGQ
3976,0.34642769534338014,0,5600-PDUJF
4616,0.5553621636944339,1,6507-ZJSUR
3934,0.0476407120295676,0,5539-HIVAK
4858,0.09664727564856372,0,6848-YLDFR
3101,0.3966419887696503,0,4446-BZKHU
304,0.1368268490249794,0,0447-BEMNG
2690,0.020241793638948322,0,3813-DHBBB
5499,0.30039052299990265,0,7742-MYPGI
1563,0.019997305642531066,0,2274-XUATA
4724,0.39496554034017817,0,6652-YFFJO
3531,0.13876948547882123,0,5012-YSPJJ
2037,0.26514927857089693,0,2931-SVLTV
4581,0.05328851730223559,0,6463-MVYRY
4564,0.5836076575339743,1,6435-SRWBJ
4905,0.42628908880132554,0,6906-ANDWJ
3226,0.012099913070454488,0,4625-XMOYM
6329,0.13296982909215593,0,8963-MQVYN
1272,0.0628451142197506,0,1891-QRQSA
2156,0.4129982300925882,0,3090-LETTY
950,0.16684477783298887,0,1376-HHBDV
5518,0.038530096137499976,0,7771-ZONAT
410,0.026598121282489572,0,0608-JDVEC
2027,0.15308950927961415,0,2925-MXLSX
4524,0.02488705668854872,0,6374-AFWOX
773,0.23809769873016923,0,1125-SNVCK
4806,0.00500396071223832,0,6762-NSODU
2354,0.010577862500874797,0,3373-DIUUN
2877,0.03724537693450024,0,4102-HLENU
2337,0.3353907413523135,0,3346-BRMIS
3006,0.02014578340644838,0,4302-ZYFEL
3698,0.31642510096007587,0,5204-QZXPU
6754,0.6004615198755923,1,9588-OZDMQ
2600,0.15231329169294283,0,3714-XPXBW
4084,0.32856352231460256,0,5766-ZJYBB
436,0.4266183246741773,0,0637-YLETY
786,0.41463841578192495,0,1142-WACZW
1565,0.6072415104472279,1,2276-YDAVZ
3518,0.7898529767351918,1,4988-IQIGL
2866,0.12223729200608922,0,4083-EUGRJ
1930,0.12907049723789665,0,2805-EDJPQ
6618,0.12545401361072206,0,9402-ROUMJ
293,0.24246954420829994,0,0431-APWVY
4209,0.10788338414135845,0,5944-UGLLK
3845,0.2162484169444589,0,5397-TUPSH
2483,0.7898529767351918,1,3551-HUAZH
6880,0.23970677851512032,0,9774-NRNAU
6691,0.44503983156100724,0,9505-SQFSW
6914,0.10993693982606038,0,9817-APLHW
1042,0.5651322817567184,1,1513-XNPPH
2625,0.2513981881145546,0,3733-ZEECP
1862,0.45048462006260415,0,2697-NQBPF
2531,0.08507237965471104,0,3623-FQBOX
6910,0.011268364703588642,0,9805-FILKB
5134,0.17950406694770366,0,7228-PAQPD
521,0.03651250351043501,0,0757-WCUUZ
2883,0.06945879576480372,0,4111-BNXIF
4395,0.4713599056656407,0,6198-RTPMF
636,0.12074127323624766,0,0930-EHUZA
5329,0.22713286337142322,0,7526-IVLYU
2412,0.5556995259454299,1,3452-GWUIN
5958,0.17415015585659926,0,8400-WZICQ
2976,0.023640656982916397,0,4254-QPEDE
691,0.038652391188543224,0,1023-BQXZE
3653,0.13304043115890984,0,5161-XEUVX
2974,0.28107741957822663,0,4250-WAROZ
3086,0.3185253401030097,0,4423-YLHDV
6631,0.011931088638224752,0,9424-CMPOG
507,0.39843326269754864,0,0742-MOABM
5474,0.12809447094719592,0,7706-DZNKK
1882,0.005592196006355966,0,2729-VNVAP
5963,0.46498282116738265,0,8404-GFGCZ
3032,0.032874609460380906,0,4335-UPJSI
3051,0.5872971337148379,1,4367-NHWMM
6092,0.5449652729664067,1,8630-FJLIB
6211,0.08925311310362022,0,8780-RSYYU
4899,0.5324075135776313,1,6899-PPEEA
528,0.019188382461764936,0,0774-RMNUW
1323,0.39485675918283425,0,1965-DDBWU
2249,0.022969175477236127,0,3212-KXOCR
277,0.17762005719091953,0,0409-WTMPL
589,0.3958763357083588,0,0867-MKZVY
5549,0.2906734468970464,0,7814-LEEVE
5602,0.16514025066932775,0,7883-ROJOC
3398,0.020709232393600674,0,4825-FUREZ
3787,0.2849165958791811,0,5325-UWTWJ
2534,0.2819130372748338,0,3629-WEAAM
2336,0.31817064420713964,0,3345-PBBFH
2111,0.6499621497495474,1,3030-YDNRM
1876,0.5484088530072978,1,2722-JMONI
3282,0.35714522173458335,0,4690-LLKUA
3018,0.03473898211959625,0,4318-RAJVY
3819,0.4396871048395666,0,5371-VYLSX
5331,0.4394717996424537,0,7529-ZDFXI
450,0.1114463914241232,0,0661-WCQNQ
5050,0.2967901368228898,0,7103-IPXPJ
2544,0.48957164014645227,0,3640-PHQXK
6427,0.21616025229057365,0,9101-NTIXF
1698,0.29946363097088946,0,2475-MROZF
5972,0.6925869482456468,1,8414-MYSHR
4317,0.0094178209260176,0,6087-YPWHO
1713,0.06371604649945264,0,2495-TTHBQ
6343,0.23457267014681588,0,8982-NHAVY
2295,0.09598712233533718,0,3280-MRDOF
1506,0.522043948421894,1,2209-XADXF
2493,0.42508144457112546,0,3569-EDBPQ
5437,0.23277398927268,0,7654-YWJUF
1745,0.32856352231460256,0,2542-HYGIQ
4320,0.09960192581409855,0,6094-ZIVKX
2449,0.0170029752838616,0,3508-VLHCZ
1435,0.3033525069897662,0,2115-BFTIW
1293,0.650115232735372,1,1925-TIBLE
5202,0.028563191800857982,0,7319-ZNRTR
133,0.6880813638142456,1,0224-RLWWD
3203,0.4048136079106359,0,4588-YBNIB
1512,0.06522165063184465,0,2223-GDSHL
4911,0.6924670468896325,1,6910-HADCM
626,0.45948095935457717,0,0921-OHLVP
6238,0.040451816487980324,0,8819-WFGGJ
2173,0.5601320939581725,1,3106-ULWFW
6364,0.0654538396793875,0,9018-PCIOK
4406,0.08601511261232833,0,6211-WWLTF
1850,0.280184776527349,0,2684-EIWEO
5992,0.3547455191626561,0,8450-UYIBU
4826,0.16652492487471396,0,6791-YBNAK
2276,0.5812564505678917,1,3254-YRILK
3290,0.023283038134870204,0,4698-KVLLG
5398,0.023608942542701725,0,7608-RGIRO
6034,0.2908052432881114,0,8547-NSBBO
5144,0.24621433291665923,0,7241-AJHFS
5672,0.10093089032136232,0,7995-ZHHNZ
3305,0.29820273614863707,0,4710-NKCAW
4635,0.43475460860262977,0,6542-LWGXJ
1114,0.5556467308718953,1,1626-ERCMM
6494,0.5814531863873152,1,9208-OLGAQ
3054,0.11738160929911075,0,4369-NYSCF
1877,0.1740544288359805,0,2722-VOJQL
2577,0.08205320327408634,0,3682-YEUWS
3539,0.12255975919797123,0,5018-HEKFO
547,0.14274771589034876,0,0810-BDHAW
2679,0.2297712379892351,0,3803-KMQFW
1009,0.6439179972144022,1,1455-UGQVH
5388,0.018515351523412174,0,7601-DHFWZ
2608,0.04463606123901469,0,3719-TDVQB
706,0.1387970840407167,0,1042-HFUCW
5530,0.5411515806388144,1,7786-WBJYI
2107,0.2819368272462386,0,3023-GFLBR
5478,0.003196980570308784,0,7711-GQBZC
1421,0.13876948547882123,0,2091-MJTFX
3420,0.5872971337148379,1,4847-QNOKA
5845,0.12731632669189077,0,8220-OCUFY
1637,0.6554098481319076,1,2379-ENZGV
4077,0.43802878926891964,0,5759-RCVCB
129,0.5204722346719509,1,0221-WMXNQ
6761,0.3413678356673296,0,9600-UDOPK
3637,0.02495117631297989,0,5148-ORICT
4424,0.5148938461775291,1,6235-VDHOM
1838,0.6047850285719223,1,2674-MIAHT
2183,0.008347402943619874,0,3129-AAQOU
5,0.28049179134580177,0,0013-MHZWF
4164,0.08509282952875254,0,5887-IKKYO
6849,0.4271741450080235,0,9732-EQMWY
5922,0.6089559964374197,1,8337-MSSXB
404,0.024297450307283544,0,0602-DDUML
6265,0.5112105679356967,1,8868-WOZGU
2238,0.1258133960562391,0,3197-NNYNB
3141,0.10153387695077778,0,4508-OEBEY
5955,0.4733306387649744,0,8397-MVTAZ
6332,0.002182766348343068,0,8966-SNIZF
4617,0.026608559288006983,0,6508-NJYRO
3573,0.12564775169940678,0,5062-CJJKH
5443,0.5872971337148379,1,7663-RGWBC
2235,0.2501811671683689,0,3195-TQDZX
4003,0.5989448199701054,1,5649-ANRML
5699,0.17614935803504217,0,8033-ATFAS
6877,0.16272846158931034,0,9770-KXGQU
428,0.3125470233891622,0,0623-IIHUG
3209,0.12007580936776954,0,4598-ZADCK
2174,0.04686620521624594,0,3108-PCCGG
4811,0.3929355297999766,0,6769-DYBQN
921,0.13471192604520243,0,1337-BOZWO
5624,0.10336262031582988,0,7925-PNRGI
1202,0.2255050535546188,0,1768-HNVGJ
1945,0.3528301360078092,0,2823-LKABH
5136,0.11375397595924784,0,7233-IOQNP
1883,0.2299731987316114,0,2731-GJRDG
3097,0.6468117591253326,1,4441-NIHPT
2727,0.0885364165628505,0,3882-IYOIJ
6042,0.18316589843857628,0,8563-IIOXK
836,0.281859403644648,0,1217-VASWC
4573,0.025667325239724773,0,6447-EGDIV
6585,0.03597833265836494,0,9361-YNQWJ
3071,0.2880373516060822,0,4393-RYCRE
1097,0.41076683400445496,0,1597-FZREH
6441,0.5872971337148379,1,9117-SHLZX
5985,0.015810150807540425,0,8441-SHIPE
2452,0.027278274986391886,0,3511-BFTJW
983,0.6089095262376071,1,1428-GTBJJ
